,lower_limit,upper_limit,median_impute
age,35,88,
lv_ef,10.63,71.37,34
sodium,130,147,139
egfr,6.3801721577143,109.720721080752,51.2
hb,8.763,17.1,12.9
ntprobnp,21.5017,34800.59,
hstnt,3,265.45,
st2,18.089,157.074,
hf_duration,0,246.948,27
